,Model,N (obs),F-val,P-val (F),F-val change,P-val (F-val change)
0,1,1486.0,586.4622799559509,1.8677901809991876e-109,,
1,2,1486.0,293.1521537014121,5.216740544525618e-108,0.17002531971922585,0.6801489037645636
2,3,1486.0,159.85240697845376,8.570536879072854e-114,19.312722311229813,5.249289725085241e-09
