,Model,N (obs),F-val,P-val (F),F-val change,P-val (F-val change)
0,1,539.0,230.40865794248646,1.4607799151143851e-43,,
1,2,539.0,155.85634368173714,4.4209597802598475e-54,57.19335063887485,1.727350341703133e-13
2,3,539.0,89.21912072864214,4.8472766432023836e-58,14.64601165009256,6.421612284688386e-07
