,Model,N (obs),F-val,P-val (F),F-val change,P-val (F-val change)
0,1,962.0,426.73614427023176,9.971253084328792e-79,,
1,2,962.0,215.35997953511475,5.602530738922377e-78,3.065614442829183,0.08028464407538698
2,3,962.0,120.78654484166657,1.8926322900597998e-83,18.398737403410568,1.4431862847297187e-08
