,Model,N (obs),F-val,P-val (F),F-val change,P-val (F-val change)
0,1,1486.0,586.4622799559509,1.8677901809991876e-109,,
1,2,1486.0,193.60739866792483,1.3700150647494266e-133,45.19165994884488,6.069955880460317e-28
2,3,1486.0,155.0957632262547,1.2147219606355296e-132,1.0323206637890956,0.30978029810298857
3,4,1486.0,115.43323366103346,3.578062400881211e-135,11.02440203175693,1.7681709940102666e-05
