,Model,N (obs),F-val,P-val (F),F-val change,P-val (F-val change)
0,1,418.0,161.66489339720164,1.6174793048883335e-31,,
1,2,418.0,50.125908171474144,2.2133987025913077e-34,9.60297825175595,3.8450831463039776e-06
2,3,418.0,40.07405398022705,1.4917997476994421e-33,0.2370398394264507,0.6266112280042901
3,4,418.0,30.519580851116757,5.938515448198951e-34,4.790125193457275,0.008782292151795263
