,Model,N (obs),F-val,P-val (F),F-val change,P-val (F-val change)
0,1,962.0,426.73614427023176,9.971253084328792e-79,,
1,2,962.0,220.4861833101157,4.2943071916756123e-134,105.35059983716347,6.152793725703289e-59
2,3,962.0,176.22042021794365,6.655474998894777e-133,0.04108104154109925,0.8394246983391191
3,4,962.0,130.93307444824887,8.390176564638851e-135,9.698080946876624,6.767394114055434e-05
