,Model,N (obs),F-val,P-val (F),F-val change,P-val (F-val change)
0,1,106.0,45.847362220521205,7.810452239193906e-10,,
1,2,106.0,27.445389855363178,2.7908946775225066e-10,6.582450078435745,0.01173858842851501
2,3,106.0,15.826973730018356,4.348452555930206e-10,3.0931015344078494,0.04968388965636977
