,Model,N (obs),F-val,P-val (F),F-val change,P-val (F-val change)
0,1,1486.0,586.4622799559509,1.8677901809991876e-109,,
1,2,1486.0,293.1521537014121,5.216740544525618e-108,0.17002531971922585,0.6801489037645636
2,3,1486.0,155.0957632262547,1.2147219606355296e-132,45.47497893479924,4.132125000157097e-28
3,4,1486.0,115.43323366103351,3.578062400881211e-135,11.02440203175706,1.7681709940101097e-05
