,Model,N (obs),F-val,P-val (F),F-val change,P-val (F-val change)
0,1,339.0,129.56316239555048,1.2793062949810724e-25,,
1,2,339.0,43.657187553986745,1.8308354856077506e-29,11.12803427134921,5.584134218494735e-07
2,3,339.0,36.39076448779835,1.0478252410105891e-29,5.153469739176225,0.023838611713800636
3,4,339.0,27.230111334455398,1.8444277449332605e-29,3.1523936242787207,0.044036053299411855
