,Model,N (obs),F-val,P-val (F),F-val change,P-val (F-val change)
0,1,339.0,162.7960558837417,1.0909675472861745e-30,,
1,2,339.0,62.91987639958763,1.3438465016667874e-39,20.30302184467789,4.134710699016487e-12
2,3,339.0,50.20063710268639,1.1148928365795354e-38,0.044031926999390396,0.833922546329686
3,4,339.0,35.78769105502964,4.246057926749762e-37,0.2902838997616293,0.7482414037482997
