,Model,N (obs),F-val,P-val (F),F-val change,P-val (F-val change)
0,1,106.0,45.847362220521205,7.810452239193904e-10,,
1,2,106.0,27.445389855363178,2.7908946775225066e-10,6.582450078435745,0.01173858842851501
2,3,106.0,16.697174667140608,5.794027875875511e-12,6.565650399182241,0.0004259780885458649
3,4,106.0,13.40066336974782,4.989964903313688e-12,3.266869405611351,0.04231652517548149
