,Model,N (obs),F-val,P-val (F),F-val change,P-val (F-val change)
0,1,339.0,156.53506861913144,9.246824925743561e-30,,
1,2,339.0,52.61005255878809,2.3908327560052557e-34,12.586500342381852,8.148462682966074e-08
2,3,339.0,41.97749574058203,1.8121994981108553e-33,0.047439329389516234,0.8277138940049527
3,4,339.0,32.56143932795307,2.6079553516453566e-34,5.920158297031745,0.002977320531824004
