,Model,N (obs),F-val,P-val (F),F-val change,P-val (F-val change)
0,1,539.0,230.40865794248646,1.4607799151143851e-43,,
1,2,539.0,100.00376337885994,1.7023386428475786e-63,39.86136089149219,2.9451262122138806e-23
2,3,539.0,80.71222640777542,5.384584677552259e-63,2.4556574076598525,0.11769560292192857
3,4,539.0,64.75077586305163,3.55672114852878e-67,14.57149069008605,6.906177973554183e-07
