,Model,N (obs),F-val,P-val (F),F-val change,P-val (F-val change)
0,1,106.0,45.847362220521205,7.810452239193904e-10,,
1,2,106.0,20.404574070628797,2.4132671693355514e-12,8.581441746105543,3.955623329731497e-05
2,3,106.0,16.697174667140608,5.794027875875511e-12,1.479827509924943,0.22666500312154422
3,4,106.0,13.400663369747823,4.989964903313639e-12,3.266869405611362,0.042316525175481
